-- phpMyAdmin SQL Dump
-- version 4.9.1
-- https://www.phpmyadmin.net/
--
-- Počítač: sql.endora.cz:3311
-- Vytvořeno: Pon 20. čen 2022, 08:18
-- Verze serveru: 5.6.45-86.1
-- Verze PHP: 7.3.9

SET SQL_MODE = "NO_AUTO_VALUE_ON_ZERO";
SET AUTOCOMMIT = 0;
START TRANSACTION;
SET time_zone = "+00:00";


/*!40101 SET @OLD_CHARACTER_SET_CLIENT=@@CHARACTER_SET_CLIENT */;
/*!40101 SET @OLD_CHARACTER_SET_RESULTS=@@CHARACTER_SET_RESULTS */;
/*!40101 SET @OLD_COLLATION_CONNECTION=@@COLLATION_CONNECTION */;
/*!40101 SET NAMES utf8mb4 */;

--
-- Databáze: `zalesaci`
--
CREATE DATABASE IF NOT EXISTS `zalesaci` DEFAULT CHARACTER SET utf8 COLLATE utf8_general_ci;
USE `zalesaci`;

-- --------------------------------------------------------

--
-- Struktura tabulky `attendance`
--

CREATE TABLE `attendance` (
  `member_id` int(11) NOT NULL,
  `date` timestamp NOT NULL DEFAULT CURRENT_TIMESTAMP
) ENGINE=MyISAM DEFAULT CHARSET=utf8;

--
-- Vypisuji data pro tabulku `attendance`
--

INSERT INTO `attendance` VALUES
(17, '2021-10-24 22:00:00'),
(26, '2021-10-24 22:00:00'),
(29, '2021-10-24 22:00:00'),
(30, '2021-10-24 22:00:00'),
(35, '2021-10-24 22:00:00'),
(32, '2021-10-24 22:00:00'),
(33, '2021-10-24 22:00:00'),
(34, '2021-10-24 22:00:00'),
(1, '2021-10-24 22:00:00'),
(2, '2021-10-24 22:00:00'),
(3, '2021-10-17 22:00:00'),
(2, '2021-10-17 22:00:00'),
(3, '2021-10-10 22:00:00'),
(2, '2021-10-10 22:00:00'),
(2, '2021-10-03 22:00:00'),
(3, '2021-10-03 22:00:00'),
(1, '2021-10-17 22:00:00'),
(1, '2021-10-10 22:00:00'),
(14, '2021-10-17 22:00:00'),
(15, '2021-10-17 22:00:00'),
(23, '2021-10-17 22:00:00'),
(22, '2021-10-17 22:00:00'),
(26, '2021-10-17 22:00:00'),
(27, '2021-10-17 22:00:00'),
(29, '2021-10-17 22:00:00'),
(30, '2021-10-17 22:00:00'),
(35, '2021-10-17 22:00:00'),
(32, '2021-10-17 22:00:00'),
(33, '2021-10-17 22:00:00'),
(34, '2021-10-17 22:00:00'),
(1, '2021-10-03 22:00:00'),
(30, '2021-10-03 22:00:00'),
(29, '2021-10-03 22:00:00'),
(27, '2021-10-03 22:00:00'),
(25, '2021-10-03 22:00:00'),
(26, '2021-10-03 22:00:00'),
(24, '2021-10-03 22:00:00'),
(22, '2021-10-03 22:00:00'),
(23, '2021-10-03 22:00:00'),
(18, '2021-10-03 22:00:00'),
(15, '2021-10-03 22:00:00'),
(14, '2021-10-03 22:00:00'),
(28, '2021-10-10 22:00:00'),
(17, '2021-10-10 22:00:00'),
(30, '2021-10-10 22:00:00'),
(29, '2021-10-10 22:00:00'),
(27, '2021-10-10 22:00:00'),
(26, '2021-10-10 22:00:00'),
(18, '2021-10-10 22:00:00'),
(15, '2021-10-10 22:00:00'),
(14, '2021-10-10 22:00:00'),
(15, '2021-10-24 22:00:00'),
(14, '2021-10-24 22:00:00'),
(36, '2021-10-24 22:00:00'),
(36, '2021-10-17 22:00:00'),
(35, '2021-10-03 22:00:00'),
(1, '2021-10-31 23:00:00'),
(36, '2021-10-31 23:00:00'),
(2, '2021-10-31 23:00:00'),
(34, '2021-10-31 23:00:00'),
(33, '2021-10-31 23:00:00'),
(32, '2021-10-31 23:00:00'),
(35, '2021-10-31 23:00:00'),
(30, '2021-10-31 23:00:00'),
(29, '2021-10-31 23:00:00'),
(28, '2021-10-31 23:00:00'),
(15, '2021-10-31 23:00:00'),
(37, '2021-10-31 23:00:00'),
(37, '2021-10-17 22:00:00'),
(37, '2021-10-10 22:00:00'),
(37, '2021-10-03 22:00:00'),
(37, '2021-11-07 23:00:00'),
(3, '2021-11-07 23:00:00'),
(2, '2021-11-07 23:00:00'),
(1, '2021-11-07 23:00:00'),
(34, '2021-11-07 23:00:00'),
(33, '2021-11-07 23:00:00'),
(35, '2021-11-07 23:00:00'),
(30, '2021-11-07 23:00:00'),
(29, '2021-11-07 23:00:00'),
(26, '2021-11-07 23:00:00'),
(24, '2021-11-07 23:00:00'),
(22, '2021-11-07 23:00:00'),
(23, '2021-11-07 23:00:00'),
(15, '2021-11-07 23:00:00'),
(14, '2021-11-07 23:00:00'),
(38, '2021-11-07 23:00:00'),
(37, '2021-11-14 23:00:00'),
(36, '2021-11-14 23:00:00'),
(3, '2021-11-14 23:00:00'),
(2, '2021-11-14 23:00:00'),
(1, '2021-11-14 23:00:00'),
(34, '2021-11-14 23:00:00'),
(33, '2021-11-14 23:00:00'),
(35, '2021-11-14 23:00:00'),
(22, '2021-11-14 23:00:00'),
(16, '2021-11-14 23:00:00'),
(15, '2021-11-14 23:00:00'),
(14, '2021-11-14 23:00:00'),
(37, '2021-11-21 23:00:00'),
(1, '2021-11-21 23:00:00'),
(32, '2021-11-21 23:00:00'),
(35, '2021-11-21 23:00:00'),
(26, '2021-11-21 23:00:00'),
(23, '2021-11-21 23:00:00'),
(15, '2021-11-21 23:00:00'),
(37, '2021-11-28 23:00:00'),
(1, '2021-11-28 23:00:00'),
(32, '2021-11-28 23:00:00'),
(35, '2021-11-28 23:00:00'),
(30, '2021-11-28 23:00:00'),
(29, '2021-11-28 23:00:00'),
(26, '2021-11-28 23:00:00'),
(24, '2021-11-28 23:00:00'),
(22, '2021-11-28 23:00:00'),
(23, '2021-11-28 23:00:00'),
(15, '2021-11-28 23:00:00'),
(14, '2021-11-28 23:00:00'),
(1, '2021-12-05 23:00:00'),
(32, '2021-12-05 23:00:00'),
(30, '2021-12-05 23:00:00'),
(29, '2021-12-05 23:00:00'),
(14, '2021-12-05 23:00:00'),
(26, '2021-12-05 23:00:00'),
(24, '2021-12-05 23:00:00'),
(23, '2021-12-05 23:00:00'),
(15, '2021-12-05 23:00:00'),
(37, '2021-12-12 23:00:00'),
(2, '2021-12-12 23:00:00'),
(1, '2021-12-12 23:00:00'),
(34, '2021-12-12 23:00:00'),
(33, '2021-12-12 23:00:00'),
(32, '2021-12-12 23:00:00'),
(35, '2021-12-12 23:00:00'),
(30, '2021-12-12 23:00:00'),
(29, '2021-12-12 23:00:00'),
(26, '2021-12-12 23:00:00'),
(22, '2021-12-12 23:00:00'),
(15, '2021-12-12 23:00:00'),
(14, '2021-12-12 23:00:00'),
(1, '2021-12-19 23:00:00'),
(32, '2021-12-19 23:00:00'),
(35, '2021-12-19 23:00:00'),
(30, '2021-12-19 23:00:00'),
(29, '2021-12-19 23:00:00'),
(26, '2021-12-19 23:00:00'),
(24, '2021-12-19 23:00:00'),
(22, '2021-12-19 23:00:00'),
(23, '2021-12-19 23:00:00'),
(16, '2021-12-19 23:00:00'),
(15, '2021-12-19 23:00:00'),
(37, '2022-01-02 23:00:00'),
(3, '2022-01-02 23:00:00'),
(2, '2022-01-02 23:00:00'),
(1, '2022-01-02 23:00:00'),
(34, '2022-01-02 23:00:00'),
(33, '2022-01-02 23:00:00'),
(32, '2022-01-02 23:00:00'),
(35, '2022-01-02 23:00:00'),
(26, '2022-01-02 23:00:00'),
(24, '2022-01-02 23:00:00'),
(22, '2022-01-02 23:00:00'),
(23, '2022-01-02 23:00:00'),
(17, '2022-01-02 23:00:00'),
(15, '2022-01-02 23:00:00'),
(14, '2022-01-02 23:00:00'),
(37, '2022-01-09 23:00:00'),
(2, '2022-01-09 23:00:00'),
(1, '2022-01-09 23:00:00'),
(34, '2022-01-09 23:00:00'),
(33, '2022-01-09 23:00:00'),
(32, '2022-01-09 23:00:00'),
(35, '2022-01-09 23:00:00'),
(30, '2022-01-09 23:00:00'),
(29, '2022-01-09 23:00:00'),
(26, '2022-01-09 23:00:00'),
(24, '2022-01-09 23:00:00'),
(22, '2022-01-09 23:00:00'),
(23, '2022-01-09 23:00:00'),
(15, '2022-01-09 23:00:00'),
(14, '2022-01-09 23:00:00'),
(39, '2022-01-09 23:00:00'),
(40, '2022-01-09 23:00:00'),
(39, '2022-01-02 23:00:00'),
(40, '2022-01-02 23:00:00'),
(39, '2021-12-19 23:00:00'),
(40, '2021-12-19 23:00:00'),
(40, '2022-01-16 23:00:00'),
(39, '2022-01-16 23:00:00'),
(37, '2022-01-16 23:00:00'),
(36, '2022-01-16 23:00:00'),
(3, '2022-01-16 23:00:00'),
(2, '2022-01-16 23:00:00'),
(1, '2022-01-16 23:00:00'),
(34, '2022-01-16 23:00:00'),
(33, '2022-01-16 23:00:00'),
(26, '2022-01-16 23:00:00'),
(24, '2022-01-16 23:00:00'),
(22, '2022-01-16 23:00:00'),
(23, '2022-01-16 23:00:00'),
(15, '2022-01-16 23:00:00'),
(14, '2022-01-16 23:00:00'),
(36, '2022-01-23 23:00:00'),
(2, '2022-01-23 23:00:00'),
(1, '2022-01-23 23:00:00'),
(34, '2022-01-23 23:00:00'),
(33, '2022-01-23 23:00:00'),
(35, '2022-01-23 23:00:00'),
(26, '2022-01-23 23:00:00'),
(24, '2022-01-23 23:00:00'),
(22, '2022-01-23 23:00:00'),
(23, '2022-01-23 23:00:00'),
(18, '2022-01-23 23:00:00'),
(17, '2022-01-23 23:00:00'),
(15, '2022-01-23 23:00:00'),
(40, '2022-01-30 23:00:00'),
(39, '2022-01-30 23:00:00'),
(37, '2022-01-30 23:00:00'),
(36, '2022-01-30 23:00:00'),
(3, '2022-01-30 23:00:00'),
(2, '2022-01-30 23:00:00'),
(1, '2022-01-30 23:00:00'),
(34, '2022-01-30 23:00:00'),
(33, '2022-01-30 23:00:00'),
(32, '2022-01-30 23:00:00'),
(35, '2022-01-30 23:00:00'),
(30, '2022-01-30 23:00:00'),
(29, '2022-01-30 23:00:00'),
(26, '2022-01-30 23:00:00'),
(24, '2022-01-30 23:00:00'),
(22, '2022-01-30 23:00:00'),
(23, '2022-01-30 23:00:00'),
(14, '2022-01-30 23:00:00'),
(40, '2022-02-06 23:00:00'),
(39, '2022-02-06 23:00:00'),
(36, '2022-02-06 23:00:00'),
(2, '2022-02-06 23:00:00'),
(1, '2022-02-06 23:00:00'),
(34, '2022-02-06 23:00:00'),
(33, '2022-02-06 23:00:00'),
(32, '2022-02-06 23:00:00'),
(35, '2022-02-06 23:00:00'),
(30, '2022-02-06 23:00:00'),
(29, '2022-02-06 23:00:00'),
(24, '2022-02-06 23:00:00'),
(22, '2022-02-06 23:00:00'),
(23, '2022-02-06 23:00:00'),
(14, '2022-02-06 23:00:00'),
(37, '2022-02-13 23:00:00'),
(36, '2022-02-13 23:00:00'),
(2, '2022-02-13 23:00:00'),
(1, '2022-02-13 23:00:00'),
(34, '2022-02-13 23:00:00'),
(33, '2022-02-13 23:00:00'),
(32, '2022-02-13 23:00:00'),
(30, '2022-02-13 23:00:00'),
(29, '2022-02-13 23:00:00'),
(23, '2022-02-13 23:00:00'),
(40, '2022-02-27 23:00:00'),
(39, '2022-02-27 23:00:00'),
(1, '2022-02-27 23:00:00'),
(32, '2022-02-27 23:00:00'),
(35, '2022-02-27 23:00:00'),
(30, '2022-02-27 23:00:00'),
(29, '2022-02-27 23:00:00'),
(27, '2022-02-27 23:00:00'),
(24, '2022-02-27 23:00:00'),
(22, '2022-02-27 23:00:00'),
(23, '2022-02-27 23:00:00'),
(15, '2022-02-27 23:00:00'),
(40, '2022-03-13 23:00:00'),
(37, '2022-03-13 23:00:00'),
(36, '2022-03-13 23:00:00'),
(1, '2022-03-13 23:00:00'),
(32, '2022-03-13 23:00:00'),
(35, '2022-03-13 23:00:00'),
(30, '2022-03-13 23:00:00'),
(29, '2022-03-13 23:00:00'),
(27, '2022-03-13 23:00:00'),
(26, '2022-03-13 23:00:00'),
(24, '2022-03-13 23:00:00'),
(22, '2022-03-13 23:00:00'),
(23, '2022-03-13 23:00:00'),
(18, '2022-03-13 23:00:00'),
(17, '2022-03-13 23:00:00'),
(15, '2022-03-13 23:00:00'),
(40, '2022-03-20 23:00:00'),
(39, '2022-03-20 23:00:00'),
(37, '2022-03-20 23:00:00'),
(36, '2022-03-20 23:00:00'),
(1, '2022-03-20 23:00:00'),
(32, '2022-03-20 23:00:00'),
(35, '2022-03-20 23:00:00'),
(30, '2022-03-20 23:00:00'),
(29, '2022-03-20 23:00:00'),
(26, '2022-03-20 23:00:00'),
(24, '2022-03-20 23:00:00'),
(22, '2022-03-20 23:00:00'),
(23, '2022-03-20 23:00:00'),
(15, '2022-03-20 23:00:00'),
(41, '2022-03-20 23:00:00'),
(41, '2022-03-13 23:00:00'),
(41, '2022-03-27 22:00:00'),
(40, '2022-03-27 22:00:00'),
(39, '2022-03-27 22:00:00'),
(37, '2022-03-27 22:00:00'),
(36, '2022-03-27 22:00:00'),
(1, '2022-03-27 22:00:00'),
(32, '2022-03-27 22:00:00'),
(35, '2022-03-27 22:00:00'),
(30, '2022-03-27 22:00:00'),
(29, '2022-03-27 22:00:00'),
(26, '2022-03-27 22:00:00'),
(24, '2022-03-27 22:00:00'),
(22, '2022-03-27 22:00:00'),
(23, '2022-03-27 22:00:00'),
(17, '2022-03-27 22:00:00'),
(15, '2022-03-27 22:00:00'),
(41, '2022-04-03 22:00:00'),
(40, '2022-04-03 22:00:00'),
(39, '2022-04-03 22:00:00'),
(37, '2022-04-03 22:00:00'),
(36, '2022-04-03 22:00:00'),
(1, '2022-04-03 22:00:00'),
(32, '2022-04-03 22:00:00'),
(35, '2022-04-03 22:00:00'),
(30, '2022-04-03 22:00:00'),
(29, '2022-04-03 22:00:00'),
(15, '2022-04-03 22:00:00'),
(37, '2022-04-10 22:00:00'),
(41, '2022-04-10 22:00:00'),
(1, '2022-04-10 22:00:00'),
(32, '2022-04-10 22:00:00'),
(30, '2022-04-10 22:00:00'),
(29, '2022-04-10 22:00:00'),
(27, '2022-04-10 22:00:00'),
(15, '2022-04-10 22:00:00'),
(42, '2022-04-03 22:00:00'),
(43, '2022-04-03 22:00:00'),
(44, '2022-04-03 22:00:00'),
(42, '2022-04-10 22:00:00'),
(43, '2022-04-10 22:00:00'),
(44, '2022-04-10 22:00:00'),
(44, '2022-04-24 22:00:00'),
(42, '2022-04-24 22:00:00'),
(41, '2022-04-24 22:00:00'),
(37, '2022-04-24 22:00:00'),
(1, '2022-04-24 22:00:00'),
(32, '2022-04-24 22:00:00'),
(30, '2022-04-24 22:00:00'),
(29, '2022-04-24 22:00:00'),
(27, '2022-04-24 22:00:00'),
(24, '2022-04-24 22:00:00'),
(22, '2022-04-24 22:00:00'),
(23, '2022-04-24 22:00:00'),
(15, '2022-04-24 22:00:00'),
(45, '2022-04-24 22:00:00'),
(45, '2022-05-01 22:00:00'),
(44, '2022-05-01 22:00:00'),
(43, '2022-05-01 22:00:00'),
(42, '2022-05-01 22:00:00'),
(41, '2022-05-01 22:00:00'),
(40, '2022-05-01 22:00:00'),
(37, '2022-05-01 22:00:00'),
(36, '2022-05-01 22:00:00'),
(1, '2022-05-01 22:00:00'),
(32, '2022-05-01 22:00:00'),
(27, '2022-05-01 22:00:00'),
(24, '2022-05-01 22:00:00'),
(22, '2022-05-01 22:00:00'),
(23, '2022-05-01 22:00:00'),
(15, '2022-05-01 22:00:00'),
(46, '2022-05-01 22:00:00'),
(46, '2022-04-24 22:00:00'),
(46, '2022-05-08 22:00:00'),
(45, '2022-05-08 22:00:00'),
(44, '2022-05-08 22:00:00'),
(43, '2022-05-08 22:00:00'),
(42, '2022-05-08 22:00:00'),
(41, '2022-05-08 22:00:00'),
(40, '2022-05-08 22:00:00'),
(39, '2022-05-08 22:00:00'),
(36, '2022-05-08 22:00:00'),
(1, '2022-05-08 22:00:00'),
(32, '2022-05-08 22:00:00'),
(35, '2022-05-08 22:00:00'),
(30, '2022-05-08 22:00:00'),
(29, '2022-05-08 22:00:00'),
(27, '2022-05-08 22:00:00'),
(26, '2022-05-08 22:00:00'),
(24, '2022-05-08 22:00:00'),
(22, '2022-05-08 22:00:00'),
(23, '2022-05-08 22:00:00'),
(15, '2022-05-08 22:00:00'),
(45, '2022-05-15 22:00:00'),
(42, '2022-05-15 22:00:00'),
(41, '2022-05-15 22:00:00'),
(40, '2022-05-15 22:00:00'),
(39, '2022-05-15 22:00:00'),
(37, '2022-05-15 22:00:00'),
(36, '2022-05-15 22:00:00'),
(1, '2022-05-15 22:00:00'),
(32, '2022-05-15 22:00:00'),
(35, '2022-05-15 22:00:00'),
(30, '2022-05-15 22:00:00'),
(29, '2022-05-15 22:00:00'),
(27, '2022-05-15 22:00:00'),
(26, '2022-05-15 22:00:00'),
(22, '2022-05-15 22:00:00'),
(17, '2022-05-15 22:00:00'),
(15, '2022-05-15 22:00:00'),
(45, '2022-05-22 22:00:00'),
(42, '2022-05-22 22:00:00'),
(41, '2022-05-22 22:00:00'),
(39, '2022-05-22 22:00:00'),
(37, '2022-05-22 22:00:00'),
(1, '2022-05-22 22:00:00'),
(35, '2022-05-22 22:00:00'),
(29, '2022-05-22 22:00:00'),
(27, '2022-05-22 22:00:00'),
(24, '2022-05-22 22:00:00'),
(23, '2022-05-22 22:00:00'),
(15, '2022-05-22 22:00:00'),
(14, '2022-05-22 22:00:00'),
(45, '2022-05-29 22:00:00'),
(41, '2022-05-29 22:00:00'),
(40, '2022-05-29 22:00:00'),
(39, '2022-05-29 22:00:00'),
(37, '2022-05-29 22:00:00'),
(36, '2022-05-29 22:00:00'),
(1, '2022-05-29 22:00:00'),
(34, '2022-05-29 22:00:00'),
(33, '2022-05-29 22:00:00'),
(32, '2022-05-29 22:00:00'),
(35, '2022-05-29 22:00:00'),
(30, '2022-05-29 22:00:00'),
(29, '2022-05-29 22:00:00'),
(26, '2022-05-29 22:00:00'),
(24, '2022-05-29 22:00:00'),
(22, '2022-05-29 22:00:00'),
(23, '2022-05-29 22:00:00'),
(15, '2022-05-29 22:00:00'),
(39, '2022-06-05 22:00:00'),
(16, '2022-06-05 22:00:00'),
(15, '2022-06-05 22:00:00'),
(14, '2022-06-05 22:00:00'),
(41, '2022-06-05 22:00:00'),
(32, '2022-06-05 22:00:00'),
(37, '2022-06-05 22:00:00'),
(26, '2022-06-05 22:00:00'),
(45, '2022-06-05 22:00:00'),
(34, '2022-06-05 22:00:00'),
(33, '2022-06-05 22:00:00'),
(23, '2022-06-05 22:00:00'),
(43, '2022-06-05 22:00:00'),
(42, '2022-06-05 22:00:00'),
(43, '2022-06-12 22:00:00'),
(42, '2022-06-12 22:00:00'),
(37, '2022-06-12 22:00:00'),
(36, '2022-06-12 22:00:00'),
(1, '2022-06-12 22:00:00'),
(34, '2022-06-12 22:00:00'),
(33, '2022-06-12 22:00:00'),
(30, '2022-06-12 22:00:00'),
(35, '2022-06-12 22:00:00'),
(29, '2022-06-12 22:00:00'),
(26, '2022-06-12 22:00:00'),
(24, '2022-06-12 22:00:00'),
(22, '2022-06-12 22:00:00'),
(16, '2022-06-12 22:00:00'),
(15, '2022-06-12 22:00:00'),
(14, '2022-06-12 22:00:00');

-- --------------------------------------------------------

--
-- Struktura tabulky `badge`
--

CREATE TABLE `badge` (
  `id` int(10) NOT NULL,
  `name` varchar(50) NOT NULL,
  `logo` varchar(500) NOT NULL
) ENGINE=MyISAM DEFAULT CHARSET=utf8;

--
-- Vypisuji data pro tabulku `badge`
--

INSERT INTO `badge` VALUES
(1, 'Stromy 1', 'stromy-1.png'),
(2, 'Stromy 2', 'stromy-2.png'),
(3, 'Stromy 3', 'stromy-3.png'),
(4, 'Uzly 1', 'uzly-1.png'),
(5, 'Uzly 2', 'uzly-2.png'),
(6, 'Uzly 3', 'uzly-3.png'),
(7, 'Savci 1', 'savci-1.png'),
(8, 'Savci 2', 'savci-2.png'),
(9, 'Savci 3', 'savci-3.png'),
(10, 'Ptáci 1', 'ptaci-1.png'),
(11, 'Ptáci 2', 'ptaci-2.png'),
(12, 'Ptáci 3', 'ptaci-3.png'),
(13, 'Rostliny 1', 'rostliny-1.png'),
(14, 'Rostliny 2', 'rostliny-2.png'),
(15, 'Rostliny 3', 'rostliny-3.png'),
(16, 'Bushcraft 1', 'bushcraft-1.png'),
(17, 'Bushcraft 2', 'bushcraft-2.png'),
(18, 'Bushcraft 3', 'bushcraft-3.png'),
(19, 'Odvaha 1', 'odvaha-1.png'),
(20, 'Odvaha 2', 'odvaha-2.png'),
(21, 'Odvaha 3', 'odvaha-3.png');

-- --------------------------------------------------------

--
-- Struktura tabulky `meetingdates`
--

CREATE TABLE `meetingdates` (
  `id` int(11) NOT NULL,
  `date` timestamp NOT NULL DEFAULT CURRENT_TIMESTAMP ON UPDATE CURRENT_TIMESTAMP
) ENGINE=MyISAM DEFAULT CHARSET=utf8;

--
-- Vypisuji data pro tabulku `meetingdates`
--

INSERT INTO `meetingdates` VALUES
(1, '2021-10-03 22:00:00'),
(2, '2021-10-10 22:00:00'),
(3, '2021-10-17 22:00:00'),
(4, '2021-10-24 22:00:00'),
(5, '2021-10-31 23:00:00'),
(6, '2021-11-07 23:00:00'),
(7, '2021-11-14 23:00:00'),
(8, '2021-11-21 23:00:00'),
(9, '2021-11-28 23:00:00'),
(10, '2021-12-05 23:00:00'),
(11, '2021-12-12 23:00:00'),
(17, '2022-01-23 23:00:00'),
(13, '2021-12-19 23:00:00'),
(14, '2022-01-02 23:00:00'),
(15, '2022-01-09 23:00:00'),
(16, '2022-01-16 23:00:00'),
(18, '2022-01-30 23:00:00'),
(19, '2022-02-06 23:00:00'),
(20, '2022-02-13 23:00:00'),
(21, '2022-02-27 23:00:00'),
(22, '2022-03-13 23:00:00'),
(23, '2022-03-20 23:00:00'),
(24, '2022-03-27 22:00:00'),
(25, '2022-04-03 22:00:00'),
(26, '2022-04-10 22:00:00'),
(27, '2022-04-24 22:00:00'),
(28, '2022-05-01 22:00:00'),
(29, '2022-05-08 22:00:00'),
(30, '2022-05-15 22:00:00'),
(31, '2022-05-22 22:00:00'),
(32, '2022-05-29 22:00:00'),
(33, '2022-06-05 22:00:00'),
(34, '2022-06-12 22:00:00');

-- --------------------------------------------------------

--
-- Struktura tabulky `member`
--

CREATE TABLE `member` (
  `id` int(11) NOT NULL,
  `active` tinyint(4) NOT NULL DEFAULT '1',
  `name` varchar(30) COLLATE utf8_czech_ci NOT NULL,
  `surname` varchar(40) COLLATE utf8_czech_ci NOT NULL,
  `role` char(1) COLLATE utf8_czech_ci NOT NULL DEFAULT 'D',
  `rc` varchar(11) COLLATE utf8_czech_ci NOT NULL,
  `address` varchar(100) COLLATE utf8_czech_ci NOT NULL,
  `contact` varchar(150) COLLATE utf8_czech_ci NOT NULL,
  `application` tinyint(1) NOT NULL DEFAULT '0',
  `paid` tinyint(1) NOT NULL DEFAULT '0',
  `gdpr` tinyint(1) NOT NULL DEFAULT '0',
  `requirements` varchar(1000) COLLATE utf8_czech_ci NOT NULL
) ENGINE=MyISAM DEFAULT CHARSET=utf8 COLLATE=utf8_czech_ci;

--
-- Vypisuji data pro tabulku `member`
--

INSERT INTO `member` VALUES
(14, 1, 'Vojta', 'Chudý', 'V', '0104160000', '', '', 0, 0, 1, ''),
(15, 1, 'Kuba', 'Hornak', 'V', '0009150000', '', '', 0, 0, 0, ''),
(16, 1, 'Jarda', 'Duron', 'V', '0110090000', '', '', 0, 0, 0, ''),
(17, 1, 'Vojta', 'Simecek', 'V', '0308030000', '', '', 0, 0, 0, ''),
(18, 1, 'Josef', 'Valian', 'V', '0504190000', '', '', 0, 0, 0, ''),
(23, 1, 'Jakub', 'Kříž', 'D', '1607080001', 'Synkova 2093, Brno 628 00', 'Jana Křížová, 776009856, Jana.krizova30@seznam.cz', 1, 1, 1, ''),
(22, 1, 'Agatha', 'Stoneova', 'D', '1055060000', 'Lovcice 130, 69639', 'Eva Stone, 720407200, evastone@seznam.cz', 1, 1, 0, 'Tupozrakost, strabismus'),
(24, 1, 'Samuel', 'Kříž', 'D', '1607080000', 'Synkova 2093, Brno 628 00', 'Jana Křížová, 776009856, Jana.krizova30@seznam.cz', 1, 1, 1, ''),
(25, 1, 'Zuzana', 'Klinerova', 'D', '2051270000', 'Uhrice 160, 696 34', 'K Klinerová, 723904260, 724787990, Kristyna.sec@seznam.cz', 1, 1, 1, ''),
(26, 1, 'Natálie', 'Divišová', 'D', '1357260000', 'Zeletice 28, 696 37', 'Kristina Kudličková, 732854294, kristina.kudlickova@email.cz', 1, 1, 1, ''),
(27, 1, 'Juráš', 'Kutlan', 'D', '1303050000', 'Zamek 2, Zdanice, 696 32', 'Lenka Živá, 724119639, ziva.lenka@email.cz', 1, 1, 1, 'Alergie na lepek, laktózu'),
(28, 1, 'Jachym', 'Radikovsky', 'D', '1405230000', 'Uhrice 262, 696 34', 'Karel Radikovsky, karelra@volny.cz, 724294053', 1, 1, 1, ''),
(29, 1, 'Jan', 'Radikovský', 'D', '0908060000', 'Uhrice 262, 696 34', 'karelra@volny.cz, 724294053', 1, 1, 1, ''),
(30, 1, 'Matyáš', 'Bělohoubek', 'D', '0809250000', 'Uhrice 272, 696 34', 'Magda Šindarová, zh.magda@seznam.cz, 775591567', 1, 1, 1, ''),
(35, 1, 'Vojta', 'Luža', 'D', '1307130000', 'Městečko 757, Zdanice, 696 32', 'Miroslava Luzova, 721933150, mirkaluzova@seznam.cz', 1, 1, 1, ''),
(32, 1, 'Kryštof', 'Kavan', 'D', '1401210000', 'Lovcice 166, 69639', 'Tereza Kavanova, 777010683, cenkova.tereza@seznam.cz', 1, 1, 1, ''),
(33, 1, 'David', 'Wolfel', 'D', '1406210000', 'Petrzelka 379, Korycany', 'Mirka Wolfelova, wolfelova206@gmail.com', 1, 0, 1, ''),
(34, 1, 'Stanislav', 'Wolfel', 'D', '1605290000', 'Petrzelka 379, Korycany', 'wolfelova206@gmail.com', 1, 0, 1, ''),
(1, 1, 'Jiri', 'Galis', 'V', '9003020000', 'Podoli 140, Podoli, 66403', '723674568', 1, 1, 1, ''),
(2, 1, 'Ludek', 'Janka', 'V', '7405250000', '', '', 1, 0, 1, ''),
(3, 1, 'Karel', 'Polínek', 'V', '8510100000', '', '', 1, 0, 1, ''),
(36, 1, 'Filip', 'Spacek', 'D', '1407150000', 'Mala Strana 333, Zdanice, 696 32', 'Blanka Spackova, 777 338 474, 1blanka.cerna@gmail.com', 1, 1, 1, ''),
(37, 1, 'Ondra', 'Polínek', 'D', '1707240000', 'Pricni 729, Zdanice, 69632', '732712827, pepinavytopilova@seznam.cz', 1, 0, 1, ''),
(38, 1, 'Josef', 'Pribyl', 'V', '0604110000', 'Zeletice 201, 696 37', '', 0, 0, 0, ''),
(39, 1, 'Kuba', 'Kořínek', 'V', '9903250000', 'Zámecká 820 Ždánice', '', 0, 0, 0, ''),
(40, 1, 'Josefína', 'Bartoníková', 'D', '1056210000', 'Nádražní 773 Ždánice', 'Josef Bartoník, jbarman@seznam.cz, 731598946, eva.bartonikova@gmail.com', 1, 0, 1, ''),
(41, 1, 'Šimon', 'Konečný', 'D', '1406230000', 'Lovčice 142', 'Ondřej Konečný, 724008888, konecny.O@seznam.cz', 1, 1, 1, ''),
(42, 1, 'Eliška', 'Kohoutková', 'D', '1456110000', 'Za Mlaty 909, Ždánice', 'Romana Kohoutková, 721502728', 0, 0, 0, ''),
(43, 1, 'Josefína', 'Rohleder', 'D', '1360290000', 'Lovčice 10, Lovčice, 69639', 'Eva Rohleder, 739264732, evarohleder@seznam.cz', 0, 0, 0, ''),
(44, 1, 'Josefína', 'Sofková', 'D', '1161170000', 'Bučovská', 'Barva Hroudná', 0, 0, 0, ''),
(45, 1, 'David', 'Švec', 'D', '1412300000', 'Za hvězdárnou 708, Ždánice', 'Luděk Švec, 736150987, 732344830, rytir78@atlas.cz', 1, 1, 1, ''),
(46, 1, 'Jan', 'Sovek', 'D', '1712100000', 'Bučovská', 'Barča Hroudná', 0, 0, 0, '');

-- --------------------------------------------------------

--
-- Struktura tabulky `member_badge`
--

CREATE TABLE `member_badge` (
  `member_id` int(11) NOT NULL,
  `badge_id` int(11) NOT NULL,
  `created_at` int(11) NOT NULL
) ENGINE=MyISAM DEFAULT CHARSET=utf8;

--
-- Vypisuji data pro tabulku `member_badge`
--

INSERT INTO `member_badge` VALUES
(24, 19, 1653312734),
(37, 19, 1653312750),
(36, 19, 1653312761),
(45, 19, 1653312777),
(29, 19, 1653312797),
(30, 19, 1653312814),
(22, 19, 1653312935),
(40, 19, 1653312960);

-- --------------------------------------------------------

--
-- Struktura tabulky `points`
--

CREATE TABLE `points` (
  `id` int(10) NOT NULL,
  `points` int(10) NOT NULL,
  `member_id` int(10) NOT NULL,
  `reason_id` int(10) NOT NULL,
  `created_at_old` datetime DEFAULT CURRENT_TIMESTAMP,
  `created_at` int(11) DEFAULT NULL
) ENGINE=MyISAM DEFAULT CHARSET=utf8;

--
-- Vypisuji data pro tabulku `points`
--

INSERT INTO `points` VALUES
(1, 9, 22, 5, '2022-01-10 10:22:45', 1641806565),
(2, 8, 33, 5, '2022-01-10 10:26:11', 1641806771),
(3, 7, 32, 5, '2022-01-10 10:26:23', 1641806783),
(4, 5, 35, 5, '2022-01-10 10:27:28', 1641806848),
(5, 4, 34, 5, '2022-01-10 10:27:38', 1641806858),
(6, 3, 26, 5, '2022-01-10 10:27:47', 1641806867),
(7, 2, 23, 5, '2022-01-10 10:27:59', 1641806879),
(8, 1, 24, 5, '2022-01-10 10:28:06', 1641806886),
(9, 1, 22, 2, '2022-01-11 09:39:11', 1641890351),
(10, 1, 40, 2, '2022-01-11 09:39:37', 1641890377),
(11, 1, 32, 2, '2022-01-11 09:39:46', 1641890386),
(12, 1, 24, 2, '2022-01-11 09:39:54', 1641890394),
(13, 1, 29, 2, '2022-01-11 09:40:06', 1641890406),
(14, 1, 30, 2, '2022-01-11 09:40:25', 1641890425),
(15, 1, 37, 2, '2022-01-11 09:40:33', 1641890433),
(16, 6, 40, 5, '2022-01-11 09:42:02', 1641890522),
(17, 1, 33, 2, '2022-01-17 18:50:56', 1642441856),
(18, 6, 24, 1, '2022-01-18 10:53:56', 1642499636),
(19, 6, 34, 1, '2022-01-18 10:54:17', 1642499657),
(20, 6, 23, 1, '2022-01-18 10:54:30', 1642499670),
(21, 6, 40, 1, '2022-01-18 10:54:44', 1642499684),
(22, 4, 26, 1, '2022-01-18 10:55:05', 1642499705),
(23, 4, 36, 1, '2022-01-18 10:55:13', 1642499713),
(24, 4, 22, 1, '2022-01-18 10:55:27', 1642499727),
(25, 4, 33, 1, '2022-01-18 10:55:39', 1642499739),
(26, 3, 22, 2, '2022-01-24 18:57:58', 1643047078),
(27, 2, 32, 6, '2022-01-31 19:00:36', 1643652036),
(28, 2, 29, 6, '2022-01-31 19:00:55', 1643652055),
(29, 1, 37, 2, '2022-01-31 19:01:21', 1643652081),
(30, 2, 29, 2, '2022-01-31 19:02:18', 1643652138),
(31, 1, 22, 2, '2022-01-31 19:02:27', 1643652147),
(32, 2, 33, 2, '2022-01-31 19:02:45', 1643652165),
(33, 1, 30, 6, '2022-02-01 09:01:06', 1643702466),
(34, 10, 29, 5, '2022-02-09 09:56:20', 1644396980),
(35, 9, 22, 5, '2022-02-09 09:56:32', 1644396992),
(36, 8, 30, 5, '2022-02-09 09:56:47', 1644397007),
(37, 7, 32, 5, '2022-02-09 09:57:06', 1644397026),
(38, 6, 35, 5, '2022-02-09 09:57:21', 1644397041),
(39, 5, 40, 5, '2022-02-09 09:57:35', 1644397055),
(40, 1, 23, 2, '2022-02-09 09:57:45', 1644397065),
(41, 2, 34, 7, '2022-02-09 09:58:50', 1644397130),
(42, 2, 29, 7, '2022-02-09 09:58:58', 1644397138),
(43, 2, 30, 7, '2022-02-09 09:59:09', 1644397149),
(44, 2, 22, 7, '2022-02-09 09:59:23', 1644397163),
(45, 2, 33, 7, '2022-02-09 09:59:32', 1644397172),
(46, 2, 40, 7, '2022-02-09 09:59:46', 1644397186),
(47, 1, 34, 1, '2022-02-09 10:00:39', 1644397239),
(48, -1, 33, 1, '2022-02-09 10:00:53', 1644397253),
(49, 1, 35, 1, '2022-02-09 10:01:12', 1644397272),
(50, 3, 40, 1, '2022-02-09 10:01:31', 1644397291),
(51, 3, 30, 1, '2022-02-09 10:01:46', 1644397306),
(52, 1, 22, 1, '2022-02-09 10:01:55', 1644397315),
(53, 3, 29, 1, '2022-02-09 10:02:11', 1644397331),
(54, 1, 32, 1, '2022-02-09 10:02:19', 1644397339),
(55, 1, 29, 7, '2022-02-14 21:31:18', 1644870678),
(56, 1, 30, 7, '2022-02-14 21:31:25', 1644870685),
(57, 1, 34, 7, '2022-02-14 21:31:37', 1644870697),
(58, 1, 33, 7, '2022-02-14 21:31:47', 1644870707),
(59, 8, 22, 8, '2022-03-22 11:19:31', 1647944371),
(60, 7, 30, 8, '2022-03-22 11:20:13', 1647944413),
(61, 6, 40, 8, '2022-03-22 11:20:34', 1647944434),
(62, 6, 32, 8, '2022-03-22 11:26:33', 1647944793),
(63, 8, 41, 8, '2022-03-22 11:26:49', 1647944809),
(64, 2, 24, 8, '2022-03-22 11:27:11', 1647944831),
(65, 1, 32, 2, '2022-03-22 11:27:33', 1647944853),
(66, 1, 41, 2, '2022-03-22 11:27:33', 1647944853),
(67, 1, 23, 8, '2022-03-22 11:27:43', 1647944863),
(68, 7, 36, 8, '2022-03-22 11:27:57', 1647944877),
(69, 5, 35, 8, '2022-03-22 11:28:11', 1647944891),
(70, 4, 26, 8, '2022-03-22 11:28:24', 1647944904),
(71, 3, 37, 8, '2022-03-22 11:28:37', 1647944917),
(72, 1, 29, 6, '2022-04-04 18:12:25', 1649088745),
(73, 1, 35, 6, '2022-04-04 18:12:25', 1649088745),
(74, 1, 41, 6, '2022-04-04 18:12:25', 1649088745),
(75, 3, 30, 6, '2022-04-04 18:13:49', 1649088829),
(76, 3, 32, 6, '2022-04-04 18:13:49', 1649088829),
(77, 3, 36, 6, '2022-04-04 18:13:49', 1649088829),
(78, 3, 40, 6, '2022-04-04 18:13:49', 1649088829),
(79, 1, 29, 7, '2022-04-04 19:07:28', 1649092048),
(80, 1, 30, 7, '2022-04-04 19:07:28', 1649092048),
(81, 1, 32, 7, '2022-04-04 19:07:28', 1649092048),
(82, 1, 37, 7, '2022-04-04 19:07:28', 1649092048),
(83, 9, 29, 1, '2022-05-02 15:36:38', 1651498598),
(84, 8, 32, 1, '2022-05-02 15:36:50', 1651498610),
(85, 7, 30, 1, '2022-05-02 15:36:58', 1651498618),
(86, 6, 41, 1, '2022-05-02 15:37:12', 1651498632),
(87, 5, 24, 1, '2022-05-02 15:37:21', 1651498641),
(88, 5, 22, 1, '2022-05-02 15:37:30', 1651498650),
(89, 3, 27, 1, '2022-05-02 15:37:53', 1651498673),
(90, 2, 44, 1, '2022-05-02 15:38:16', 1651498696),
(91, 2, 42, 1, '2022-05-02 15:38:25', 1651498705),
(92, 5, 23, 1, '2022-05-02 15:38:35', 1651498715),
(93, 4, 45, 1, '2022-05-02 15:39:51', 1651498791),
(94, 1, 40, 7, '2022-05-03 08:54:17', 1651560857),
(95, 4, 32, 1, '2022-05-03 08:55:05', 1651560905),
(96, 3, 43, 1, '2022-05-03 08:55:24', 1651560924),
(97, 2, 22, 1, '2022-05-03 08:55:52', 1651560952),
(98, 1, 27, 1, '2022-05-03 08:56:43', 1651561003),
(99, 1, 36, 1, '2022-05-03 08:56:43', 1651561003),
(100, 1, 40, 1, '2022-05-03 08:56:43', 1651561003),
(101, 1, 41, 1, '2022-05-03 08:56:43', 1651561003),
(102, 1, 42, 1, '2022-05-03 08:56:44', 1651561003),
(103, 1, 44, 1, '2022-05-03 08:56:44', 1651561004),
(104, 6, 23, 8, '2022-05-14 08:53:45', 1652511225),
(105, 6, 29, 8, '2022-05-14 08:53:45', 1652511225),
(106, 6, 30, 8, '2022-05-14 08:53:45', 1652511225),
(107, 6, 35, 8, '2022-05-14 08:53:45', 1652511225),
(108, 6, 32, 8, '2022-05-14 08:53:45', 1652511225),
(109, 6, 36, 8, '2022-05-14 08:53:45', 1652511225),
(110, 6, 40, 8, '2022-05-14 08:53:45', 1652511225),
(111, 6, 45, 8, '2022-05-14 08:53:46', 1652511225),
(112, 6, 46, 8, '2022-05-14 08:53:46', 1652511226),
(113, 4, 22, 8, '2022-05-14 08:54:54', 1652511294),
(114, 4, 24, 8, '2022-05-14 08:54:54', 1652511294),
(115, 4, 26, 8, '2022-05-14 08:54:54', 1652511294),
(116, 4, 27, 8, '2022-05-14 08:54:54', 1652511294),
(117, 4, 41, 8, '2022-05-14 08:54:54', 1652511294),
(118, 4, 42, 8, '2022-05-14 08:54:54', 1652511294),
(119, 4, 43, 8, '2022-05-14 08:54:54', 1652511294),
(120, 4, 44, 8, '2022-05-14 08:54:54', 1652511294),
(121, 1, 32, 2, '2022-05-14 08:56:35', 1652511395),
(122, 1, 42, 2, '2022-05-14 08:56:35', 1652511395),
(123, 1, 46, 2, '2022-05-14 08:56:35', 1652511395),
(124, 2, 40, 1, '2022-05-14 08:58:17', 1652511497),
(125, 3, 24, 1, '2022-05-14 08:59:04', 1652511544),
(126, 3, 30, 1, '2022-05-14 08:59:04', 1652511544),
(127, 3, 43, 1, '2022-05-14 08:59:04', 1652511544),
(128, 3, 44, 1, '2022-05-14 08:59:05', 1652511544),
(129, 5, 32, 1, '2022-05-14 08:59:26', 1652511566),
(130, 1, 22, 1, '2022-05-14 09:00:39', 1652511639),
(131, 1, 26, 1, '2022-05-14 09:00:39', 1652511639),
(132, 1, 35, 1, '2022-05-14 09:00:39', 1652511639),
(133, 1, 36, 1, '2022-05-14 09:00:39', 1652511639),
(134, 1, 41, 1, '2022-05-14 09:00:40', 1652511639),
(135, 1, 42, 1, '2022-05-14 09:00:40', 1652511640),
(136, 1, 45, 1, '2022-05-14 09:00:40', 1652511640),
(137, 5, 23, 9, '2022-05-23 14:59:16', 1653310756),
(138, 5, 22, 9, '2022-05-23 14:59:16', 1653310756),
(139, 5, 24, 9, '2022-05-23 14:59:16', 1653310756),
(140, 5, 26, 9, '2022-05-23 14:59:16', 1653310756),
(141, 5, 29, 9, '2022-05-23 14:59:16', 1653310756),
(142, 5, 30, 9, '2022-05-23 14:59:16', 1653310756),
(143, 5, 36, 9, '2022-05-23 14:59:16', 1653310756),
(144, 5, 37, 9, '2022-05-23 14:59:16', 1653310756),
(145, 5, 40, 9, '2022-05-23 14:59:16', 1653310756),
(146, 5, 45, 9, '2022-05-23 14:59:16', 1653310756),
(147, 10, 29, 6, '2022-05-23 14:59:52', 1653310792),
(148, 9, 36, 6, '2022-05-23 15:00:11', 1653310811),
(149, 8, 24, 6, '2022-05-23 15:00:20', 1653310820),
(150, 7, 30, 6, '2022-05-23 15:00:42', 1653310842),
(151, 6, 45, 6, '2022-05-23 15:01:07', 1653310867),
(152, 5, 22, 6, '2022-05-23 15:01:27', 1653310887),
(153, 4, 40, 6, '2022-05-23 15:01:42', 1653310902),
(154, 3, 37, 6, '2022-05-23 15:01:50', 1653310910),
(155, 2, 26, 6, '2022-05-23 15:02:01', 1653310921),
(156, 1, 23, 6, '2022-05-23 15:02:14', 1653310934),
(157, 1, 23, 2, '2022-05-31 16:22:58', 1654006978),
(158, 1, 24, 2, '2022-05-31 16:22:58', 1654006978),
(159, 1, 32, 2, '2022-05-31 16:22:58', 1654006978),
(160, 1, 37, 2, '2022-05-31 16:22:58', 1654006978),
(161, 1, 40, 2, '2022-05-31 16:22:58', 1654006978),
(162, 1, 41, 2, '2022-05-31 16:22:58', 1654006978),
(163, 1, 45, 2, '2022-05-31 16:22:58', 1654006978);

-- --------------------------------------------------------

--
-- Struktura tabulky `reason`
--

CREATE TABLE `reason` (
  `id` int(10) NOT NULL,
  `name` varchar(50) NOT NULL
) ENGINE=MyISAM DEFAULT CHARSET=utf8;

--
-- Vypisuji data pro tabulku `reason`
--

INSERT INTO `reason` VALUES
(1, 'Poznávačky'),
(2, 'Aktivita'),
(3, 'Docházka'),
(4, 'Ostatní'),
(5, 'Uzlování'),
(6, 'Hry'),
(7, 'KPZ'),
(8, 'Opičí dráha'),
(9, 'Účast na akci');

-- --------------------------------------------------------

--
-- Struktura tabulky `user`
--

CREATE TABLE `user` (
  `id` int(10) NOT NULL,
  `username` varchar(50) COLLATE utf8_czech_ci NOT NULL,
  `password` mediumtext COLLATE utf8_czech_ci NOT NULL,
  `email` varchar(50) COLLATE utf8_czech_ci NOT NULL
) ENGINE=MyISAM DEFAULT CHARSET=utf8 COLLATE=utf8_czech_ci;

--
-- Vypisuji data pro tabulku `user`
--

INSERT INTO `user` VALUES
(1, 'admin', '$2y$10$tkGT3dkrrwU/lu8TUfDQ4uY4IdAhXKJGrBwF2Ivlj1bP.3uOUcUae', 'admin@example.com');

--
-- Klíče pro exportované tabulky
--

--
-- Klíče pro tabulku `badge`
--
ALTER TABLE `badge`
  ADD PRIMARY KEY (`id`);

--
-- Klíče pro tabulku `meetingdates`
--
ALTER TABLE `meetingdates`
  ADD PRIMARY KEY (`id`);

--
-- Klíče pro tabulku `member`
--
ALTER TABLE `member`
  ADD PRIMARY KEY (`id`);

--
-- Klíče pro tabulku `points`
--
ALTER TABLE `points`
  ADD PRIMARY KEY (`id`);

--
-- Klíče pro tabulku `reason`
--
ALTER TABLE `reason`
  ADD PRIMARY KEY (`id`);

--
-- Klíče pro tabulku `user`
--
ALTER TABLE `user`
  ADD PRIMARY KEY (`id`);

--
-- AUTO_INCREMENT pro tabulky
--

--
-- AUTO_INCREMENT pro tabulku `badge`
--
ALTER TABLE `badge`
  MODIFY `id` int(10) NOT NULL AUTO_INCREMENT, AUTO_INCREMENT=22;

--
-- AUTO_INCREMENT pro tabulku `meetingdates`
--
ALTER TABLE `meetingdates`
  MODIFY `id` int(11) NOT NULL AUTO_INCREMENT, AUTO_INCREMENT=35;

--
-- AUTO_INCREMENT pro tabulku `member`
--
ALTER TABLE `member`
  MODIFY `id` int(11) NOT NULL AUTO_INCREMENT, AUTO_INCREMENT=47;

--
-- AUTO_INCREMENT pro tabulku `points`
--
ALTER TABLE `points`
  MODIFY `id` int(10) NOT NULL AUTO_INCREMENT, AUTO_INCREMENT=164;

--
-- AUTO_INCREMENT pro tabulku `reason`
--
ALTER TABLE `reason`
  MODIFY `id` int(10) NOT NULL AUTO_INCREMENT, AUTO_INCREMENT=10;

--
-- AUTO_INCREMENT pro tabulku `user`
--
ALTER TABLE `user`
  MODIFY `id` int(10) NOT NULL AUTO_INCREMENT, AUTO_INCREMENT=2;
COMMIT;

/*!40101 SET CHARACTER_SET_CLIENT=@OLD_CHARACTER_SET_CLIENT */;
/*!40101 SET CHARACTER_SET_RESULTS=@OLD_CHARACTER_SET_RESULTS */;
/*!40101 SET COLLATION_CONNECTION=@OLD_COLLATION_CONNECTION */;
